<ImportExportXml xmlns:xsi="http://www.w3.org/2001/XMLSchema-instance">
  <Entities></Entities>
  <Roles></Roles>
  <Workflows></Workflows>
  <FieldSecurityProfiles></FieldSecurityProfiles>
  <Templates />
  <EntityMaps />
  <EntityRelationships />
  <OrganizationSettings />
  <optionsets />
  <CustomControls />
  <EntityDataProviders />
  <CanvasApps>
    <CanvasApp>
      <Name>raw_i9formfiller_8f435</Name>
      <AppVersion>2022-11-11T18:32:20Z</AppVersion>
      <Status>Ready</Status>
      <CreatedByClientVersion>3.22104.22.0</CreatedByClientVersion>
      <MinClientVersion>3.22104.22.0</MinClientVersion>
      <Tags>{"primaryDeviceWidth":"1366","primaryDeviceHeight":"1000","supportsPortrait":"true","supportsLandscape":"true","primaryFormFactor":"Tablet","publisherVersion":"3.22104.22","minimumRequiredApiVersion":"2.2.0","hasComponent":"false","hasUnlockedComponent":"false","isUnifiedRootApp":"false","sienaVersion":"20221111T171436Z-3.22104.22.0"}</Tags>
      <IsCdsUpgraded>0</IsCdsUpgraded>
      <GalleryItemId xsi:nil="true"></GalleryItemId>
      <BackgroundColor>RGBA(0,176,240,1)</BackgroundColor>
      <DisplayName>PDF Form Filler Sample</DisplayName>
      <Description xsi:nil="true"></Description>
      <CommitMessage xsi:nil="true"></CommitMessage>
      <Publisher xsi:nil="true"></Publisher>
      <AuthorizationReferences>[]</AuthorizationReferences>
      <ConnectionReferences>{}</ConnectionReferences>
      <DatabaseReferences>{"default.cds":{"databaseDetails":{"referenceType":"Environmental","environmentName":"default.cds","overrideValues":{"status":"NotSpecified"}},"dataSources":{},"components":[{"componentName":"CustomControl","identifier":"raw_RAW.PDFFormFillCanvas","identifierType":"LogicalName","capabilities":{"pcfExternalServiceUsageAllowed":false}}]}}</DatabaseReferences>
      <AppComponents>[]</AppComponents>
      <AppComponentDependencies>[]</AppComponentDependencies>
      <CanConsumeAppPass>1</CanConsumeAppPass>
      <CanvasAppType>0</CanvasAppType>
      <BypassConsent>0</BypassConsent>
      <AdminControlBypassConsent>0</AdminControlBypassConsent>
      <EmbeddedApp xsi:nil="true"></EmbeddedApp>
      <IntroducedVersion>1.0</IntroducedVersion>
      <CdsDependencies>{"cdsdependencies":[{"dependencyid":"","logicalname":"raw_RAW.PDFFormFillCanvas","componenttype":66,"componenttypeplatformname":"CustomControl"}]}</CdsDependencies>
      <IsCustomizable>1</IsCustomizable>
      <BackgroundImageUri>/CanvasApps/raw_i9formfiller_8f435_BackgroundImageUri</BackgroundImageUri>
      <DocumentUri>/CanvasApps/raw_i9formfiller_8f435_DocumentUri.msapp</DocumentUri>
    </CanvasApp>
  </CanvasApps>
  <Languages>
    <Language>1033</Language>
    <Language>1036</Language>
    <Language>1040</Language>
    <Language>3082</Language>
    <Language>1053</Language>
    <Language>1025</Language>
    <Language>1037</Language>
    <Language>1031</Language>
    <Language>1081</Language>
    <Language>1041</Language>
    <Language>1049</Language>
    <Language>1058</Language>
  </Languages>
</ImportExportXml>