<ImportExportXml version="9.1.0.18046" SolutionPackageVersion="9.1" languagecode="1033" generatedBy="CrmLive" xmlns:xsi="http://www.w3.org/2001/XMLSchema-instance">
  <SolutionManifest>
    <UniqueName>CanvasCalendar</UniqueName>
    <LocalizedNames>
      <LocalizedName description="CanvasCalendar" languagecode="1033" />
    </LocalizedNames>
    <Descriptions />
    <Version>1.0.0.1</Version>
    <Managed>1</Managed>
    <Publisher>
      <UniqueName>raw</UniqueName>
      <LocalizedNames>
        <LocalizedName description="RAW" languagecode="1033" />
      </LocalizedNames>
      <Descriptions>
        <Description description="RAW" languagecode="1033" />
      </Descriptions>
      <EMailAddress xsi:nil="true"></EMailAddress>
      <SupportingWebsiteUrl xsi:nil="true"></SupportingWebsiteUrl>
      <CustomizationPrefix>raw</CustomizationPrefix>
      <CustomizationOptionValuePrefix>69972</CustomizationOptionValuePrefix>
      <Addresses>
        <Address>
          <AddressNumber>1</AddressNumber>
          <AddressTypeCode>1</AddressTypeCode>
          <City xsi:nil="true"></City>
          <County xsi:nil="true"></County>
          <Country xsi:nil="true"></Country>
          <Fax xsi:nil="true"></Fax>
          <FreightTermsCode xsi:nil="true"></FreightTermsCode>
          <ImportSequenceNumber xsi:nil="true"></ImportSequenceNumber>
          <Latitude xsi:nil="true"></Latitude>
          <Line1 xsi:nil="true"></Line1>
          <Line2 xsi:nil="true"></Line2>
          <Line3 xsi:nil="true"></Line3>
          <Longitude xsi:nil="true"></Longitude>
          <Name xsi:nil="true"></Name>
          <PostalCode xsi:nil="true"></PostalCode>
          <PostOfficeBox xsi:nil="true"></PostOfficeBox>
          <PrimaryContactName xsi:nil="true"></PrimaryContactName>
          <ShippingMethodCode>1</ShippingMethodCode>
          <StateOrProvince xsi:nil="true"></StateOrProvince>
          <Telephone1 xsi:nil="true"></Telephone1>
          <Telephone2 xsi:nil="true"></Telephone2>
          <Telephone3 xsi:nil="true"></Telephone3>
          <TimeZoneRuleVersionNumber xsi:nil="true"></TimeZoneRuleVersionNumber>
          <UPSZone xsi:nil="true"></UPSZone>
          <UTCOffset xsi:nil="true"></UTCOffset>
          <UTCConversionTimeZoneCode xsi:nil="true"></UTCConversionTimeZoneCode>
        </Address>
        <Address>
          <AddressNumber>2</AddressNumber>
          <AddressTypeCode>1</AddressTypeCode>
          <City xsi:nil="true"></City>
          <County xsi:nil="true"></County>
          <Country xsi:nil="true"></Country>
          <Fax xsi:nil="true"></Fax>
          <FreightTermsCode xsi:nil="true"></FreightTermsCode>
          <ImportSequenceNumber xsi:nil="true"></ImportSequenceNumber>
          <Latitude xsi:nil="true"></Latitude>
          <Line1 xsi:nil="true"></Line1>
          <Line2 xsi:nil="true"></Line2>
          <Line3 xsi:nil="true"></Line3>
          <Longitude xsi:nil="true"></Longitude>
          <Name xsi:nil="true"></Name>
          <PostalCode xsi:nil="true"></PostalCode>
          <PostOfficeBox xsi:nil="true"></PostOfficeBox>
          <PrimaryContactName xsi:nil="true"></PrimaryContactName>
          <ShippingMethodCode>1</ShippingMethodCode>
          <StateOrProvince xsi:nil="true"></StateOrProvince>
          <Telephone1 xsi:nil="true"></Telephone1>
          <Telephone2 xsi:nil="true"></Telephone2>
          <Telephone3 xsi:nil="true"></Telephone3>
          <TimeZoneRuleVersionNumber xsi:nil="true"></TimeZoneRuleVersionNumber>
          <UPSZone xsi:nil="true"></UPSZone>
          <UTCOffset xsi:nil="true"></UTCOffset>
          <UTCConversionTimeZoneCode xsi:nil="true"></UTCConversionTimeZoneCode>
        </Address>
      </Addresses>
    </Publisher>
    <RootComponents>
      <RootComponent type="1" schemaName="raw_events" behavior="0" />
      <RootComponent type="1" schemaName="raw_resource" behavior="0" />
      <RootComponent type="9" schemaName="raw_states" behavior="0" />
      <RootComponent type="20" id="{cc16bd07-7a90-ea11-a811-000d3a59f6ff}" behavior="0" />
      <RootComponent type="60" id="{69536c80-9444-4830-b2ed-39b33909eff0}" behavior="0" />
      <RootComponent type="60" id="{74487d5d-97a0-4cbb-863a-79032bcffe3b}" behavior="0" />
      <RootComponent type="62" schemaName="raw_CanvasCalendar" behavior="0" />
      <RootComponent type="80" schemaName="raw_CanvasCalendar" behavior="0" />
      <RootComponent type="300" schemaName="raw_canvascalendarsample_bbaa6" behavior="0" />
    </RootComponents>
    <MissingDependencies>
      <MissingDependency>
        <Required key="0" type="66" schemaName="raw_RAW.Calendar.Calendar" displayName="raw_RAW.Calendar.Calendar" solution="Active" />
        <Dependent key="1" type="26" schemaName="Calendar Component View (Secondar Resource Name)" displayName="Calendar Component View (Secondar Resource Name)" parentSchemaName="raw_events" parentDisplayName="Events" id="{00a651df-b98f-ea11-a811-000d3a59f6ff}" />
      </MissingDependency>
      <MissingDependency>
        <Required key="2" type="66" schemaName="raw_RAW.Scheduler.Scheduler" displayName="raw_RAW.Scheduler.Scheduler" solution="Active" />
        <Dependent key="3" type="26" schemaName="Scheduler View" displayName="Scheduler View" parentSchemaName="raw_events" parentDisplayName="Events" id="{28008081-9585-ea11-a811-000d3a59f6ff}" />
      </MissingDependency>
      <MissingDependency>
        <Required key="0" type="66" schemaName="raw_RAW.Calendar.Calendar" displayName="raw_RAW.Calendar.Calendar" solution="Active" />
        <Dependent key="4" type="26" schemaName="Calendar Component View (Events Only)" displayName="Calendar Component View (Events Only)" parentSchemaName="raw_events" parentDisplayName="Events" id="{4e726cd4-dbb0-ea11-a812-000d3a59f6ff}" />
      </MissingDependency>
      <MissingDependency>
        <Required key="0" type="66" schemaName="raw_RAW.Calendar.Calendar" displayName="raw_RAW.Calendar.Calendar" solution="Active" />
        <Dependent key="5" type="26" schemaName="Calendar Component View (All Resource Secondar Resource Name)" displayName="Calendar Component View (All Resource Secondar Resource Name)" parentSchemaName="raw_events" parentDisplayName="Events" id="{d84fa4b7-b98f-ea11-a811-000d3a59f6ff}" />
      </MissingDependency>
      <MissingDependency>
        <Required key="0" type="66" schemaName="raw_RAW.Calendar.Calendar" displayName="raw_RAW.Calendar.Calendar" solution="Active" />
        <Dependent key="6" type="26" schemaName="Calendar Component View (All Resources)" displayName="Calendar Component View (All Resources)" parentSchemaName="raw_events" parentDisplayName="Events" id="{ac7658a4-b280-ea11-a811-000d3a59f6ff}" />
      </MissingDependency>
      <MissingDependency>
        <Required key="7" type="66" schemaName="MscrmControls.Calendar.CalendarControl" displayName="MscrmControls.Calendar.CalendarControl" solution="CustomControlsCore (9.1.0000.18046)" />
        <Dependent key="8" type="26" schemaName="Calendar View" displayName="Calendar View" parentSchemaName="raw_events" parentDisplayName="Events" id="{4b4a482d-f77f-ea11-a811-000d3a59f6ff}" />
      </MissingDependency>
      <MissingDependency>
        <Required key="0" type="66" schemaName="raw_RAW.Calendar.Calendar" displayName="raw_RAW.Calendar.Calendar" solution="Active" />
        <Dependent key="9" type="60" displayName="Information" parentDisplayName="Resource" id="{69536c80-9444-4830-b2ed-39b33909eff0}" />
      </MissingDependency>
      <MissingDependency>
        <Required key="10" type="66" schemaName="raw_RAW.ColorPicker.ColorPicker" displayName="raw_RAW.ColorPicker.ColorPicker" solution="Active" />
        <Dependent key="9" type="60" displayName="Information" parentDisplayName="Resource" id="{69536c80-9444-4830-b2ed-39b33909eff0}" />
      </MissingDependency>
      <MissingDependency>
        <Required key="0" type="66" schemaName="raw_RAW.Calendar.Calendar" displayName="raw_RAW.Calendar.Calendar" solution="Active" />
        <Dependent key="11" type="26" schemaName="Calendar Component View" displayName="Calendar Component View" parentSchemaName="raw_events" parentDisplayName="Events" id="{590f029c-b98f-ea11-a811-000d3a59f6ff}" />
      </MissingDependency>
      <MissingDependency>
        <Required key="12" type="61" schemaName="msdyn_/Images/AppModule_Default_Icon.png" displayName="msdyn_/Images/AppModule_Default_Icon.png" solution="AppModuleWebResources (2.5)" />
        <Dependent key="13" type="80" schemaName="raw_CanvasCalendar" displayName="Canvas Calendar" />
      </MissingDependency>
    </MissingDependencies>
  </SolutionManifest>
</ImportExportXml>