<ImportExportXml version="9.2.24111.222" SolutionPackageVersion="9.2" languagecode="1033" generatedBy="CrmLive" xmlns:xsi="http://www.w3.org/2001/XMLSchema-instance" OrganizationVersion="9.2.24111.222" OrganizationSchemaType="Standard" CRMServerServiceabilityVersion="9.2.24111.00222">
  <SolutionManifest>
    <UniqueName>CanvasCalendar</UniqueName>
    <LocalizedNames>
      <LocalizedName description="CanvasCalendar" languagecode="1033" />
    </LocalizedNames>
    <Descriptions />
    <Version>1.0.0.5</Version>
    <Managed>1</Managed>
    <Publisher>
      <UniqueName>RAW</UniqueName>
      <LocalizedNames>
        <LocalizedName description="RAW" languagecode="1033" />
      </LocalizedNames>
      <Descriptions>
        <Description description="RAW" languagecode="1033" />
      </Descriptions>
      <EMailAddress xsi:nil="true"></EMailAddress>
      <SupportingWebsiteUrl xsi:nil="true"></SupportingWebsiteUrl>
      <CustomizationPrefix>raw</CustomizationPrefix>
      <CustomizationOptionValuePrefix>69972</CustomizationOptionValuePrefix>
      <Addresses>
        <Address>
          <AddressNumber>1</AddressNumber>
          <AddressTypeCode>1</AddressTypeCode>
          <City xsi:nil="true"></City>
          <County xsi:nil="true"></County>
          <Country xsi:nil="true"></Country>
          <Fax xsi:nil="true"></Fax>
          <FreightTermsCode xsi:nil="true"></FreightTermsCode>
          <ImportSequenceNumber xsi:nil="true"></ImportSequenceNumber>
          <Latitude xsi:nil="true"></Latitude>
          <Line1 xsi:nil="true"></Line1>
          <Line2 xsi:nil="true"></Line2>
          <Line3 xsi:nil="true"></Line3>
          <Longitude xsi:nil="true"></Longitude>
          <Name xsi:nil="true"></Name>
          <PostalCode xsi:nil="true"></PostalCode>
          <PostOfficeBox xsi:nil="true"></PostOfficeBox>
          <PrimaryContactName xsi:nil="true"></PrimaryContactName>
          <ShippingMethodCode>1</ShippingMethodCode>
          <StateOrProvince xsi:nil="true"></StateOrProvince>
          <Telephone1 xsi:nil="true"></Telephone1>
          <Telephone2 xsi:nil="true"></Telephone2>
          <Telephone3 xsi:nil="true"></Telephone3>
          <TimeZoneRuleVersionNumber xsi:nil="true"></TimeZoneRuleVersionNumber>
          <UPSZone xsi:nil="true"></UPSZone>
          <UTCOffset xsi:nil="true"></UTCOffset>
          <UTCConversionTimeZoneCode xsi:nil="true"></UTCConversionTimeZoneCode>
        </Address>
        <Address>
          <AddressNumber>2</AddressNumber>
          <AddressTypeCode>1</AddressTypeCode>
          <City xsi:nil="true"></City>
          <County xsi:nil="true"></County>
          <Country xsi:nil="true"></Country>
          <Fax xsi:nil="true"></Fax>
          <FreightTermsCode xsi:nil="true"></FreightTermsCode>
          <ImportSequenceNumber xsi:nil="true"></ImportSequenceNumber>
          <Latitude xsi:nil="true"></Latitude>
          <Line1 xsi:nil="true"></Line1>
          <Line2 xsi:nil="true"></Line2>
          <Line3 xsi:nil="true"></Line3>
          <Longitude xsi:nil="true"></Longitude>
          <Name xsi:nil="true"></Name>
          <PostalCode xsi:nil="true"></PostalCode>
          <PostOfficeBox xsi:nil="true"></PostOfficeBox>
          <PrimaryContactName xsi:nil="true"></PrimaryContactName>
          <ShippingMethodCode>1</ShippingMethodCode>
          <StateOrProvince xsi:nil="true"></StateOrProvince>
          <Telephone1 xsi:nil="true"></Telephone1>
          <Telephone2 xsi:nil="true"></Telephone2>
          <Telephone3 xsi:nil="true"></Telephone3>
          <TimeZoneRuleVersionNumber xsi:nil="true"></TimeZoneRuleVersionNumber>
          <UPSZone xsi:nil="true"></UPSZone>
          <UTCOffset xsi:nil="true"></UTCOffset>
          <UTCConversionTimeZoneCode xsi:nil="true"></UTCConversionTimeZoneCode>
        </Address>
      </Addresses>
    </Publisher>
    <RootComponents>
      <RootComponent type="1" schemaName="raw_events" behavior="0" />
      <RootComponent type="1" schemaName="raw_resource" behavior="0" />
      <RootComponent type="9" schemaName="raw_color" behavior="0" />
      <RootComponent type="9" schemaName="raw_states" behavior="0" />
      <RootComponent type="20" id="{cc16bd07-7a90-ea11-a811-000d3a59f6ff}" behavior="0" />
      <RootComponent type="60" id="{0327694d-5236-eb11-a813-000d3a59f6ff}" />
      <RootComponent type="62" schemaName="raw_CanvasCalendar" behavior="0" />
      <RootComponent type="66" schemaName="raw_RAW.Calendar.Calendar" behavior="0" />
      <RootComponent type="66" schemaName="raw_RAW.ColorPicker.ColorPicker" behavior="0" />
      <RootComponent type="80" schemaName="raw_CanvasCalendar" behavior="0" />
      <RootComponent type="300" schemaName="raw_rawcalendarcanvassample_639c2" behavior="0" />
    </RootComponents>
    <MissingDependencies>
      <MissingDependency>
        <Required type="61" schemaName="msdyn_/Images/AppModule_Default_Icon.png" displayName="msdyn_/Images/AppModule_Default_Icon.png" solution="AppModuleWebResources (2.5)">
          <package>AppModuleWebResources (2.5)</package>
        </Required>
        <Dependent type="80" schemaName="raw_CanvasCalendar" displayName="Canvas Calendar" />
      </MissingDependency>
      <MissingDependency>
        <Required type="66" schemaName="MscrmControls.Calendar.CalendarControl" displayName="MscrmControls.Calendar.CalendarControl" solution="CustomControlsCore (9.2.24111.00222)">
          <package>CustomControlsCore (9.2.24111.00222)</package>
        </Required>
        <Dependent type="26" schemaName="Calendar View" displayName="Calendar View" parentSchemaName="raw_events" parentDisplayName="Events" id="{4b4a482d-f77f-ea11-a811-000d3a59f6ff}" />
      </MissingDependency>
    </MissingDependencies>
  </SolutionManifest>
</ImportExportXml>