<manifest><control namespace="RAW.Calendar" constructor="Calendar" version="0.0.178" display-name-key="RAW! Calendar" description-key="A Calendar view that can be used in both Model and Canvas apps. Ensure that any fields you define in the parameters are included in your view in a Model App or in your Collection in a Canvas app." control-type="standard" api-version="1.3.2"><data-set name="calendarDataSet" display-name-key="Calendar Data" cds-data-set-options="displayCommandBar:true;displayViewSelector:true;displayQuickFind:false" /><property name="eventFieldName" display-name-key="Event Name Field" description-key="Enter the Event Name Field schema name which will be used to display on the calendar. For related entities use the following format (new_entityname.new_fieldname)" of-type="SingleLine.Text" usage="input" required="true" default-value="name" /><property name="eventFieldStart" display-name-key="Event Start Field" description-key="Enter the Event Start Field schema name which will be used to display on the calendar. For related entities use the following format (new_entityname.new_fieldname)" of-type="SingleLine.Text" usage="input" required="true" default-value="start" /><property name="eventFieldEnd" display-name-key="Event End Field" description-key="Enter the Event End Field schema name which will be used to display on the calendar. For related entities use the following format (new_entityname.new_fieldname)" of-type="SingleLine.Text" usage="input" required="true" default-value="end" /><property name="eventColor" display-name-key="Event Color Field" description-key="Enter the Event Color Field schema name which will be used to display on the calendar. For related entities use the following format (new_entityname.new_fieldname)" of-type="SingleLine.Text" usage="input" required="false" /><property name="eventDefaultColor" display-name-key="Default Event Color" description-key="Specify the default background color for events if not using a field to define the color. Value should be in Hex color format, eg. #3174ad" of-type="SingleLine.Text" usage="input" required="false" default-value="#3174ad" /><property name="eventId" display-name-key="Event Id Field" description-key="For Model Apps this is not required but if you are using Canvas you will need to put in the Id field for the Events if you wish to use them." of-type="SingleLine.Text" usage="input" required="false" /><property name="resourceField" display-name-key="Resource Field" description-key="For a Model App put in the Lookup field of the Resource, for a Canvas app put in the field name that holds the Id of the resource." of-type="SingleLine.Text" usage="input" required="false" /><property name="resourceName" display-name-key="Resource Name" description-key="For a Model App this is not required but for Canvas apps if you are using resources enter the field name containing the Resources name." of-type="SingleLine.Text" usage="input" required="false" /><property name="resourceGetAllInModel" display-name-key="Get All Resources" description-key="For Model apps only.  If you select true and are using resources then this will ensure that all resources get returned, even those without events in the dataset" of-type="SingleLine.Text" usage="input" required="false" default-value="false" /><property name="calendarTodayBackgroundColor" display-name-key="Background Color for Today" description-key="Specify the default background color for the calendar space displaying Today. Value should be in Hex color format, eg. #eaf6ff" of-type="SingleLine.Text" usage="input" required="false" default-value="#eaf6ff" /><property name="weekendBackgroundColor" display-name-key="Weekend Background Color" description-key="Specify the background color for weekends on the calendar. Value should be in Hex color format, e.g., #f5f5f5" of-type="SingleLine.Text" usage="input" required="false" /><property name="calendarTimeBarBackgroundColor" display-name-key="Background Color for Time Bar" description-key="Specify the default background color for the calendar time bar that displays on the week/day view.  Value should be in Hex color format, eg. #ffffff" of-type="SingleLine.Text" usage="input" required="false" default-value="#ffffff" /><property name="calendarTextColor" display-name-key="Calendar Text Color" description-key="Specify the default color the text in the calendar such as the time/day/month. Value should be in Hex color format, eg. #666666" of-type="SingleLine.Text" usage="input" required="false" default-value="#666666" /><property name="calendarBorderColor" display-name-key="Calendar Border Color" description-key="Specify the default color the borders around the calendar components. Value should be in Hex color format, eg. #dddddd" of-type="SingleLine.Text" usage="input" required="false" default-value="#dddddd" /><property name="calendarView" display-name-key="Calendar View" description-key="Allows you to choose the view that will be shown. Options are month, week, work_week, day, agenda." usage="input" of-type="SingleLine.Text" required="false" default-value="month" /><property name="calendarAvailableViews" display-name-key="Available Views" description-key="Allows you to chose which calendar view button show up for the user.  This is a comma delimited list of the view names which are month,week,work_week,day,agenda." usage="input" of-type="SingleLine.Text" required="false" default-value="month,week,work_week,day,agenda" /><property name="calendarWeekStart" display-name-key="Week Start Day" description-key="Select the day the week should start on.  If left blank or 0 this will be based upon your locale. (1=Sunday, 2=Monday, 3=Tuesday, 4=Wednesday, 5=Thursday, 6=Friday, 7=Saturday)" usage="input" of-type="Whole.None" required="false" default-value="" /><property name="calendarWorkWeekDays" display-name-key="Work Week Days" description-key="Select the days you would like to show on the work week.  For example enter 2,4,6 to only show Monday, Wednesday, and Friday.  If left blank it will display Monday-Friday. (1=Sunday, 2=Monday, 3=Tuesday, 4=Wednesday, 5=Thursday, 6=Friday, 7=Saturday)" usage="input" of-type="SingleLine.Text" required="false" default-value="2,3,4,5,6" /><property name="calendarDate" display-name-key="Calendar Date" description-key="Allows you to change the calendar date from a Date Field in Canvas Apps" usage="input" of-type="DateAndTime.DateOnly" required="false" /><property name="calendarLanguage" display-name-key="Calendar Language" description-key="Sets the language/culture of the calendar. In Canvas apps set this to the Language() function.  In Model apps you can leave this blank and it will utilize the language set for the current users. Currently support lanuages are en, fr, de, es." usage="input" of-type="SingleLine.Text" required="false" /><property name="calendarScrollToTime" display-name-key="Calendar Scroll To Time" description-key="Enter the hour of the day (0 - 23) you would like the calendar to automatically scroll to for the day view." usage="input" of-type="Whole.None" required="false" /><property name="calendarMinHour" display-name-key="Minimum Hour to Display" description-key="Specify the minimum hour (0-23) to display on the calendar. For example, enter 8 for 8:00 AM." usage="input" of-type="Whole.None" required="false" default-value="0" /><property name="calendarMaxHour" display-name-key="Maximum Hour to Display" description-key="Specify the maximum hour (0-23) to display on the calendar. For example, enter 17 for 5:00 PM." usage="input" of-type="Whole.None" required="false" default-value="23" /><property name="calendarStep" display-name-key="Calendar Step" description-key="Specifies the interval (in minutes) for each time slot on the calendar. Default is 30 minutes." of-type="Whole.None" usage="input" required="false" default-value="30" /><property name="calendarTimeSlots" display-name-key="Calendar Time Slots" description-key="Specifies the number of time slots per hour on the calendar. Default is 2." of-type="Whole.None" usage="input" required="false" default-value="2" /><property name="dayLayoutAlgorithm" display-name-key="Day Layout Algorithm" description-key="Sets the algorithm for arranging day events. Options are Overlap or No Overlap. Default is Overlap." of-type="Enum" usage="input" required="false" default-value="overlap"><value name="Overlap" display-name-key="Overlap">overlap</value><value name="No Overlap" display-name-key="No Overlap">no-overlap</value></property><property name="calendarSelectable" display-name-key="Calendar Selectable" description-key="Allows users to select parts of the calendar. Disabling this prevents users from creating new records." of-type="SingleLine.Text" usage="input" required="false" default-value="true" /><property name="eventSelectable" display-name-key="Events Selectable" description-key="Specify if events should be selectable in Model-driven apps. Set to true or false." of-type="SingleLine.Text" usage="input" required="false" default-value="true" /><property name="calendarPopup" display-name-key="Show Popup for Truncated Events" description-key="When enabled, clicking on the +x more link will display events in a popup overlay." of-type="SingleLine.Text" usage="input" required="false" default-value="false" /><property name="selectedRecordId" display-name-key="(Output) Selected Record Id" description-key="When a record is selected this will be updated." usage="output" of-type="SingleLine.Text" required="false" /><property name="selectedSlotStart" display-name-key="(Output) Selected Slot Start" description-key="When an empty time slot is selected this will return the start date." usage="output" of-type="DateAndTime.DateAndTime" required="false" /><property name="selectedSlotEnd" display-name-key="(Output) Selected Slot End" description-key="When an empty time slot is selected this will return the end date." usage="output" of-type="DateAndTime.DateAndTime" required="false" /><property name="selectedSlotResourceId" display-name-key="(Output) Selected Slot Resource" description-key="When an empty time slot is selected this will return the resource id if one is available" usage="output" of-type="SingleLine.Text" required="false" /><property name="currentRangeStart" display-name-key="(Output) Calendar Range Start" description-key="When the current calendar range changes the new Start will be returned." usage="output" of-type="DateAndTime.DateAndTime" required="false" /><property name="currentRangeEnd" display-name-key="(Output) Calendar Range End" description-key="When the current calendar range changes the new End will be returned." usage="output" of-type="DateAndTime.DateAndTime" required="false" /><property name="currentCalendarDate" display-name-key="(Output) Calendar Date" description-key="Provides the current date the calendar is set to." usage="output" of-type="DateAndTime.DateOnly" required="false" /><property name="currentCalendarView" display-name-key="(Output) Calendar View" description-key="Provides the current view the calendar is set to." usage="output" of-type="SingleLine.Text" required="false" /><property name="actionSlotSelected" display-name-key="(Output) Empty Time Slot Was Selected" description-key="Provides the Canvas app producer notification that an empty time slot was selected on the calendar." usage="output" of-type="TwoOptions" required="false" /><property name="actionRecordSelected" display-name-key="(Output) Record was selected" description-key="Provides the Canvas app producer notification that a record was selected on the calendar." usage="output" of-type="TwoOptions" required="false" /><resources><code path="bundle.js" order="1" /></resources><feature-usage><uses-feature name="Utility" required="true" /><uses-feature name="WebAPI" required="true" /></feature-usage><built-by name="pac" version="1.38.3" /></control></manifest>